Creature;Varianten;Boss;Maps; Health; Health; Health; Stamina; Stamina; Stamina; Oxygen; Oxygen; Oxygen; Food; Food; Food; Weight; Weight; Weight;Melee  Damage;Melee  Damage;Melee  Damage; Movement Speed; Movement Speed; Torpidity; Torpidity;;;
;;;;Base;+Wild;+Tame;Base;+Wild;+Tame;Base;+Wild;+Tame;Base;+Wild;+Tame;Base;+Wild;+Tame;Base;+Wild;+Tame;Base;+Tame;Base;+Wild;;Level 1;Level 150
 Achatina;;;Astraeos, Crystal Isles, Extinction, Fjordur, Genesis 2, Lost Island, Ragnarok, Scorched Earth, The Center, The Island, Valguero;75;15;5,4;100;10;10;-;-;-;450;45;10;150;3;4;0;0;1,7;100;1;50;3;;495;7200
 Allosaurus;;;Astraeos, Crystal Isles, Extinction, Fjordur, Genesis 2, Lost Island, Ragnarok, The Center, The Island, Valguero;630;126;5,4;250;25;10;150;15;10;3000;300;10;380;7,6;4;35;1,75;1,7;100;1;1000;60;;;
 Amargasaurus;;;Lost Island;1250;250;5,4;425;42,5;10;300;30;10;6300;630;10;475;9,5;4;40;2;1,7;100;1;2250;135;;;
 Ammonite;;;Astraeos, Crystal Isles, Fjordur, Genesis 2, Genesis, Lost Island, Ragnarok, The Center, The Island, Valguero;165;33;-;100;10;-;-;-;-;450;45;-;150;3;-;0;0;-;100;-;50;3;;;
 Andrewsarchus;;;Fjordur;800;160;5,4;400;40;10;650;65;10;2174;217,4;10;500;10;4;41;2,05;1,7;100;0,5;800;48;;;
 Anglerfish;;;Astraeos, Crystal Isles, Fjordur, Genesis 2, Genesis, Lost Island, Ragnarok, The Center, The Island, Valguero;450;90;5,4;240;24;10;150;15;-;1500;150;10;350;7;4;30;1,5;1,7;100;1;900;54;;;
 Ankylosaurus;;;Astraeos, Crystal Isles, Extinction, Fjordur, Genesis 2, Genesis, Lost Island, Ragnarok, Scorched Earth, The Center, The Island, Valguero;700;140;5,4;175;17,5;10;150;15;10;3000;300;10;250;5;4;50;2,5;1,7;100;2;420;25,2;;;
 Araneo;;;Astraeos, Crystal Isles, Extinction, Fjordur, Genesis 2, Genesis, Lost Island, Ragnarok, Scorched Earth, The Center, The Island, Valguero;150;30;2,7;100;10;10;150;15;10;900;90;10;100;2;8;10;0,5;1,7;100;1;80;4,8;;;
 Archaeopteryx;;;Crystal Isles, Extinction, Fjordur, Genesis, Lost Island, Ragnarok, Scorched Earth, The Center, The Island, Valguero;125;25;5,4;150;15;10;150;15;10;900;90;10;30;0,6;4;5;0,25;1,7;100;1;100;6;;;
 Archelon;;;Astraeos, Ragnarok, The Center, The Island, Valguero;1400;280;3;775;77,5;10;-;-;-;3500;350;10;1000;20;4;28;1,4;1,7;100;2;2000;120;;;
 Argentavis;;;Astraeos, Crystal Isles, Extinction, Fjordur, Genesis 2, Genesis, Lost Island, Ragnarok, Scorched Earth, The Center, The Island, Valguero;365;73;6;400;20;7,5;150;15;10;2000;200;10;400;8;5,5;25;1,25;2,55;100;-;600;36;;;
 Armadoggo;;;Extinction;200;40;5,4;260;26;10;150;15;10;1200;120;10;200;4;4;15;0,75;1,7;100;2,5;450;27;;;
 Arthropluera;;;Astraeos, Crystal Isles, Extinction, Fjordur, Genesis 2, Genesis, Lost Island, Ragnarok, Scorched Earth, The Center, The Island, Valguero;500;100;5,4;200;20;10;-;-;-;1200;120;10;100;2;4;18;0,9;1,7;100;1;175;10,5;;;
 Astrocetus;;;Genesis 2, Genesis;2800;392;2,16;600;30;5;-;-;-;6000;600;10;2000;40;5;30;1,2;1,7;100;1;4200;252;;;
 Astrodelphis;;;Genesis 2;325;65;5,4;250;12,5;6;150;15;10;1600;160;10;280;5,6;4;24;1,2;1,7;100;1;450;27;;;
 Attack Drone ;Gamma;Overseer Gamma;The Island;145,8;29,16;5,4;250;12,5;6;150;15;10;1600;160;10;280;5,6;4;28;1,4;1,7;100;-;450;27;;;
 Attack Drone ;Beta;Overseer Beta;The Island;585;117;5,4;250;12,5;6;150;15;10;1600;160;10;280;5,6;4;28;1,4;1,7;100;-;450;27;;;
 Attack Drone ;Alpha;Overseer Alpha;The Island;878;176;5,4;250;12,5;6;150;15;10;1600;160;10;280;5,6;4;28;1,4;1,7;100;-;450;27;;;
 Baryonyx;;;Astraeos, Crystal Isles, Extinction, Fjordur, Genesis 2, Genesis, Lost Island, Ragnarok, The Center, The Island, Valguero;440;88;5,4;325;32,5;10;225;22,5;-;2250;225;10;325;6,5;4;35;1,75;1,7;100;1;400;24;;;
 Basilisk;;;Aberration, Crystal Isles, Fjordur, Genesis 2, Genesis, Lost Island, Valguero;2750;550;5,4;650;65;10;-;-;-;2500;250;10;800;16;4;44;2,2;1,7;100;1;175;10,5;;;
 Basilosaurus;;;Crystal Isles, Fjordur, Genesis 2, Lost Island, Ragnarok, The Center, The Island, Valguero;2400;480;4,86;300;30;10;150;15;-;8000;800;10;700;14;4;47;2,35;1,7;100;1;2000;120;;;
 Beelzebufo;;;Astraeos, Crystal Isles, Extinction, Fjordur, Genesis 2, Genesis, Lost Island, Ragnarok, The Center, The Island, Valguero;220;44;5,4;190;19;10;150;15;-;1500;150;10;160;3,2;4;12;0,6;1,7;100;2;200;12;;;
 Beyla ;Boss;Beyla;Fjordur;175000;35000;-;1250;0;-;300;0;-;1500;0;-;400;0;-;150;7,5;-;100;-;1500;90;;;
 Bison;;;Ragnarok, Valguero;800;160;5,4;500;50;10;150;15;10;3250;325;10;650;13;4;30;1,5;1,7;100;1;500;30;;;
 Bloodstalker;;;Genesis 2, Genesis;450;90;5,4;600;60;10;150;15;10;1200;120;10;350;7;4;26;1,3;1,7;100;1,5;180;10,8;;;
 Brontosaurus;;;Astraeos, Crystal Isles, Extinction, Fjordur, Genesis 2, Genesis, Lost Island, Ragnarok, The Center, The Island, Valguero;2277;455,4;3;240;24;10;150;15;10;10000;1000;10;1600;32;4;60;3;1,7;100;2;2000;120;;;
 Broodmother Lysrix ;Gamma;Broodmother Gamma;The Island;324000;64800;-;150;15;-;-;-;-;1500;150;-;4000;80;-;180;9;-;100;-;100000;6000;;;
 Broodmother Lysrix ;Gamma;The Center Gamma;The Center;356400;71280;-;150;15;-;-;-;-;1500;150;-;4000;80;-;210;10,5;-;100;-;100000;6000;;;
 Broodmother Lysrix ;Beta;The Center Beta;The Center;421200;84240;-;150;15;-;-;-;-;1500;150;-;4000;80;-;280;14;-;100;-;100000;6000;;;
 Broodmother Lysrix ;Alpha;The Center Alpha;The Center;486000;97200;-;150;15;-;-;-;-;1500;150;-;4000;80;-;700;35;-;100;-;100000;6000;;;
 Broodmother Lysrix ;Beta;Broodmother Beta;The Island;648000;97200;-;150;15;-;-;-;-;1500;150;-;4000;80;-;320;11,2;-;100;-;100000;6000;;;
 Broodmother Lysrix ;Alpha;Broodmother Alpha;The Island;972000;243000;-;150;15;-;-;-;-;1500;150;-;4000;80;-;540;40,5;-;100;-;100000;6000;;;
 Bulbdog;;;Aberration, Astraeos, Fjordur, Genesis 2, Genesis, Valguero;145;29;5,4;200;24;12;165;18,15;11;450;45;10;120;2,4;4;12;0,6;1,7;100;1;60;3,6;;;
 Carbonemys;;;Astraeos, Crystal Isles, Extinction, Fjordur, Genesis 2, Genesis, Lost Island, Ragnarok, The Center, The Island, Valguero;700;140;5,4;200;20;10;150;15;-;3000;300;10;270;5,4;4;13;0,65;1,7;100;1;275;16,5;;;
 Carcharodontosaurus;;;Astraeos, Extinction, Ragnarok, Scorched Earth, The Center, The Island, Valguero;70000;56;0,08;480;2,88;2,5;150;0,375;2,5;4000;10;2,5;650;13;1;211;10,55;0,85;100;0,31;6000;360;;;
 Carnotaurus;;;Astraeos, Crystal Isles, Extinction, Fjordur, Genesis 2, Genesis, Lost Island, Ragnarok, Scorched Earth, The Center, The Island, Valguero;420;84;5,4;300;30;10;150;15;10;2000;200;10;300;6;4;35;1,75;1,7;100;1,25;350;21;;;
 Castoroides;;;Astraeos, Crystal Isles, Extinction, Fjordur, Genesis 2, Genesis, Lost Island, Ragnarok, The Center, The Island, Valguero;450;90;5,4;180;18;10;750;75;10;2000;200;10;300;6;4;28;1,12;1,7;100;1;350;21;;;
 Cat;;;Astraeos, Ragnarok, Valguero;125;25;5,4;100;10;10;150;15;10;450;45;10;60;1,2;4;10;0,5;1,7;100;-;100;6;;;
 Ceratosaurus;;;Astraeos, Extinction, Ragnarok, Scorched Earth, The Center, The Island, Valguero;550;110;5,4;400;40;10;150;15;10;3000;300;10;350;7;4;25;1,25;1,7;100;1;500;30;;;
 Chalicotherium;;;Astraeos, Crystal Isles, Extinction, Fjordur, Genesis 2, Genesis, Lost Island, Ragnarok, The Center, The Island, Valguero;600;120;5,4;300;30;10;150;15;10;4000;400;10;400;8;4;36;1,8;1,7;100;1;500;30;;;
 Cnidaria;;;Astraeos, Crystal Isles, Fjordur, Genesis 2, Genesis, Lost Island, Ragnarok, The Center, The Island, Valguero;180;36;-;120;12;-;-;-;-;1200;120;-;25;0,5;-;30;1,5;-;100;-;250;15;;;
 Coelacanth;;;Astraeos, Crystal Isles, Extinction, Fjordur, Genesis 2, Genesis, Lost Island, Ragnarok, Scorched Earth, The Center, The Island, Valguero;30;6;-;100;10;-;-;-;-;100;10;-;8;0,16;-;5;0,25;-;100;-;15;0,9;;;
 Compy;;;Astraeos, Crystal Isles, Extinction, Fjordur, Genesis 2, Lost Island, Ragnarok, The Center, The Island, Valguero;50;10;6,4;100;10;10;150;15;10;450;45;10;25;0,5;4;4;0,2;1,7;100;1;25;1,5;;;
 Corrupted Master Controller ;Gamma;Genesis2 Gamma;Genesis Part 2;25000;5000;-;100;10;-;150;15;-;100;10;-;100;2;-;?;-;-;100;-;100;6;;;
 Corrupted Master Controller ;Beta;Genesis2 Beta;Genesis Part 2;60000;12000;-;100;10;-;150;15;-;100;10;-;100;2;-;?;-;-;100;-;100;6;;;
 Corrupted Master Controller ;Alpha;Genesis2 Alpha;Genesis Part 2;150000;30000;-;100;10;-;150;15;-;100;10;-;100;2;-;?;-;-;100;-;100;6;;;
 Cosmo;;;Aberration, Astraeos, Valguero;115;23;5,4;100;10;12,5;200;20;11,5;450;45;10;70;1,4;4;5;0,25;1,89;100;1;60;3,6;;;
 Crystal Wyvern;Tropical;;Crystal Isles;1295;194,25;3,24;325;16,25;5;150;15;10;1500;150;10;300;6;4;45;2,25;1,7;100;-;545;32,7;;;
 Crystal Wyvern;Ember;;Crystal Isles;1295;194,25;3,24;325;16,25;5;150;15;10;1500;150;10;300;6;4;45;2,25;1,7;100;-;545;32,7;;;
 Crystal Wyvern;Blood;;Crystal Isles;1295;194,25;3,24;325;16,25;5;150;15;10;1500;150;10;300;6;4;45;2,25;1,7;100;-;545;32,7;;;
 Crystal Wyvern Queen ;Gamma;Crystal Isles Gamma;Crystal Isles;400000;60000;-;2500;125;-;1000;100;-;5000;500;-;4000;80;-;160;8;-;100;-;1000;60;;;
 Crystal Wyvern Queen ;Beta;Crystal Isles Beta;Crystal Isles;675000;101250;-;2500;125;-;1000;100;-;5000;500;-;4000;80;-;160;8;-;100;-;1000;60;;;
 Crystal Wyvern Queen ;Alpha;Crystal Isles Alpha;Crystal Isles;950000;142500;-;2500;125;-;1000;100;-;5000;500;-;4000;80;-;160;8;-;100;-;1000;60;;;
 Daeodon;;;Astraeos, Crystal Isles, Extinction, Fjordur, Genesis 2, Genesis, Lost Island, Ragnarok, Scorched Earth, The Center, The Island, Valguero;900;180;5,4;250;25;10;150;15;10;2500;250;10;400;8;4;29;1,45;1,7;100;1;800;48;;;
 Deathworm;;;Lost Island, Scorched Earth;20000;40;-;100;10;-;-;-;-;100;10;-;100;2;-;225;11,25;-;100;-;100;6;;;
 Defense Unit ;Gamma;Overseer Gamma;The Island;924;184;-;2000;200;-;150;15;-;3000;300;-;1500;30;-;35;1,75;-;100;-;420;25,2;;;
 Defense Unit ;Beta;Overseer Beta;The Island;1.848;369;-;2000;200;-;150;15;-;3000;300;-;1500;30;-;35;1,75;-;100;-;420;25,2;;;
 Defense Unit ;Alpha;Overseer Alpha;The Island;2772;554,4;-;2000;200;-;150;15;-;3000;300;-;1500;30;-;35;1,75;-;100;-;420;25,2;;;
 Deinonychus;;;Fjordur, Valguero;200;40;5,4;150;15;10;150;15;10;1200;120;10;140;2,8;4;30;1,5;1,7;100;1,5;180;10,8;;;
 Desert Titan Flock ;Boss;Desert Titan;Extinction;4000;800;5,4;10000;1000;10;150;15;10;100;10;10;100;2;4;15;0,75;1,7;100;1;100;6;;;
 Desert Titan ;Boss;Desert Titan;Extinction;250000;0;-;5000;0;-;150;0;-;864;0;-;9000;0;-;0;0;-;100;-;30094;1805,64;;;
 Desmodus;;;Fjordur;325;55,25;5,4;500;25;6;150;15;10;1600;160;10;350;7;4;40;2;1,7;100;-;450;27;;;
 Dilophosaur;;;Astraeos, Crystal Isles, Extinction, Fjordur, Genesis 2, Genesis, Lost Island, Ragnarok, The Center, The Island, Valguero;130;26;5,4;100;10;10;150;15;10;450;45;10;45;0,9;4;10;0,5;1,7;100;1;75;4,5;;;
 Dimetrodon;;;Astraeos, Crystal Isles, Extinction, Fjordur, Genesis 2, Genesis, Lost Island, Ragnarok, The Center, The Island, Valguero;350;70;5,4;300;30;10;500;50;-;1500;150;10;250;5;4;20;0,4;0,68;100;1;750;45;;;
 Dimorphodon;;;Astraeos, Crystal Isles, Extinction, Fjordur, Genesis 2, Genesis, Lost Island, Ragnarok, The Center, The Island, Valguero;125;25;5,4;150;15;10;150;15;10;900;90;10;50;1;4;23;1,15;1,7;100;1;100;6;;;
 Dinopithecus;;;Crystal Isles, Lost Island;775;155;4,86;800;80;10;150;15;10;1200;120;10;350;7;4;46;2,3;1,7;100;1;600;36;;;
 Dinopithecus King ;Gamma;Lost Island Gamma;Lost Island;375000;75000;-;2000;0;-;2000;0;-;2500;0;-;4000;0;-;200;15;-;100;-;1000;60;;;
 Dinopithecus King ;Beta;Lost Island Beta;Lost Island;600000;135000;-;2000;0;-;2000;0;-;2500;0;-;4000;0;-;200;17,5;-;100;-;1000;60;;;
 Dinopithecus King ;Alpha;Lost Island Alpha;Lost Island;825000;206250;-;2000;0;-;2000;0;-;2500;0;-;4000;0;-;200;20;-;100;-;1000;60;;;
 Diplocaulus;;;Astraeos, Crystal Isles, Extinction, Fjordur, Genesis 2, Genesis, Lost Island, Ragnarok, The Center, The Island, Valguero;250;50;5,4;165;16,5;10;1050;105;10;1500;150;10;150;3;4;10;0,5;1,7;100;1;220;13,2;;;
 Diplodocus;;;Astraeos, Crystal Isles, Extinction, Fjordur, Genesis 2, Lost Island, Ragnarok, The Center, The Island, Valguero;1700;340;5,4;550;55;10;300;30;10;10000;1000;10;800;16;4;0;0;-;100;1;3000;180;;;
 Dire Bear;;;Astraeos, Crystal Isles, Extinction, Fjordur, Genesis 2, Genesis, Lost Island, Ragnarok, The Center, The Island, Valguero;400;80;5,4;500;50;10;270;27;10;3000;300;10;650;13;4;50;2,5;1,7;100;1;1000;60;;;
 Direwolf;;;Astraeos, Crystal Isles, Extinction, Fjordur, Genesis, Lost Island, Ragnarok, Scorched Earth, The Center, The Island, Valguero;330;66;5,4;260;26;10;150;15;10;1200;120;10;170;3,4;4;33;1,65;1,7;100;1;450;27;;;
 Dodo;;;Astraeos, Crystal Isles, Extinction, Fjordur, Genesis 2, Genesis, Lost Island, Ragnarok, The Center, The Island, Valguero;40;8;5,4;100;10;10;150;15;10;450;45;10;50;1;4;5;0,25;1,7;100;3;30;1,8;;;
 Doedicurus;;;Astraeos, Crystal Isles, Extinction, Fjordur, Genesis 2, Genesis, Lost Island, Ragnarok, Scorched Earth, The Center, The Island, Valguero;850;170;5,4;300;30;10;150;15;10;3000;300;10;250;5;4;32;1,6;1,7;100;2;800;48;;;
 Dragon ;Gamma;Dragon Gamma;The Island;432000;86400;-;10000;1000;-;-;-;-;2600;260;-;4000;80;-;500;25;-;100;-;350;21;;;
 Dragon ;Beta;Dragon Beta;The Island;864000;172800;-;10000;1000;-;-;-;-;2600;260;-;4000;80;-;1000;50;-;100;-;350;21;;;
 Dragon ;Alpha;Dragon Alpha;The Island;972000;243000;-;10000;1000;-;-;-;-;2600;260;-;4000;80;-;1500;112,5;-;100;-;350;21;;;
 Drakeling;Spring;;Astraeos, Extinction, Ragnarok, The Center, Valguero;150;30;5,4;150;15;10;150;15;10;1000;100;10;65;1,3;4;10;0,5;1,7;100;2,5;100;6;;;
 Drakeling;Summer;;Astraeos, Extinction, Ragnarok, The Center, Valguero;150;30;5,4;150;15;10;150;15;10;1000;100;10;65;1,3;4;10;0,5;1,7;100;2,5;100;6;;;
 Drakeling;Autumn;;Astraeos, Extinction, Ragnarok, The Center, Valguero;150;30;5,4;150;15;10;150;15;10;1000;100;10;65;1,3;4;10;0,5;1,7;100;2,5;100;6;;;
 Drakeling;Winter;;Astraeos, Extinction, Ragnarok, The Center, Valguero;150;30;5,4;150;15;10;150;15;10;1000;100;10;65;1,3;4;10;0,5;1,7;100;2,5;100;6;;;
 Dreadmare;;;Astraeos, Extinction, Ragnarok, Scorched Earth, The Center, Valguero;1000;200;5,4;600;60;10;150;15;10;1750;175;10;450;9;4;23;1,15;1,7;100;-;600;36;;;
 Dreadnoughtus;;;Astraeos, Extinction;100000;3200;0,2535;300;30;10;150;15;10;13500;1350;10;3000;60;4;1080;36,18;1,25;100;-;3250;195;;;
 Dung Beetle;;;Astraeos, Crystal Isles, Extinction, Fjordur, Genesis 2, Genesis, Lost Island, Ragnarok, Scorched Earth, The Center, The Island, Valguero;200;40;2,7;100;10;10;150;15;10;900;90;10;5;0,1;8;5;0,25;1,7;100;1;200;12;;;
 Dunkleosteus;;;Astraeos, Crystal Isles, Fjordur, Genesis 2, Lost Island, Ragnarok, The Center, The Island, Valguero;710;142;5,4;200;20;10;150;15;10;2000;200;10;910;18,2;4;60;3;1,7;100;1;1150;69;;;
 Electrophorus;;;Astraeos, Crystal Isles, Fjordur, Genesis 2, Genesis, Lost Island, Ragnarok, Scorched Earth, The Center, The Island, Valguero;180;36;5,4;165;16,5;10;1050;105;10;1500;150;10;150;3;4;3;0,15;1,7;100;1;175;10,5;;;
 Equus;;;Astraeos, Crystal Isles, Extinction, Fjordur, Genesis, Lost Island, Ragnarok, Scorched Earth, The Center, The Island, Valguero;240;48;5,4;560;56;10;150;15;10;1500;150;10;350;7;4;9;0,45;1,7;100;1,75;420;25,2;;;
 Fasolasuchus;;;Astraeos, Scorched Earth;950;190;5,4;350;35;10;150;15;10;2750;275;10;450;9;4;66;3,3;1,7;100;1;1350;81;;;
 Featherlight;;;Aberration, Crystal Isles, Fjordur, Genesis 2, Genesis, Ragnarok, Valguero;115;23;5,4;100;10;10;180;19,8;11;450;45;10;70;1,4;4;3;0,195;2,04;100;1;60;3,6;;;
 Fenrir;;;Fjordur;750;150;5,4;330;33;10;150;15;10;2000;200;10;600;12;4;50;2,5;1,7;100;1;1225;73,5;;;
 Fenrisúlfr ;Gamma;Fjordur Gamma;Fjordur;385000;77000;-;1320;0;-;600;0;-;5000;0;-;1200;0;-;200;15;-;100;-;2500;150;;;
 Fenrisúlfr ;Beta;Fjordur Beta;Fjordur;750000;150000;-;1320;0;-;600;0;-;5000;0;-;1200;0;-;200;15;-;100;-;2500;150;;;
 Fenrisúlfr ;Alpha;Fjordur Alpha;Fjordur;1200000;240000;-;1320;0;-;600;0;-;5000;0;-;1200;0;-;200;20;-;100;-;2500;150;;;
 Ferox;;;Fjordur, Genesis 2, Genesis, Lost Island, Scorched Earth;1100;220;5,4;1000;100;10;150;15;10;1200;120;10;350;7;4;46;2,3;1,7;100;0,1;180;10,8;;;
 Fjordhawk;;;Fjordur;125;21;4.509;150;15;10;150;15;10;1000;100;10;65;1,3;4;16;0,8;1,7;100;1;120;7,2;;;
 Forest Titan;Boss;Forest Titan;Extinction;400000;0;-;6000;0;-;150;0;-;864;0;-;50000;0;-;0;0;-;100;-;1818800;109128;;;
 Gacha;;;Astraeos, Extinction, Fjordur, Genesis 2;750;150;5,4;325;32,5;10;150;15;10;3000;300;10;550;22;4;32;1,6;1,7;100;1;600;36;;;
 Gallimimus;;;Astraeos, Crystal Isles, Extinction, Fjordur, Genesis 2, Genesis, Lost Island, Ragnarok, Scorched Earth, The Center, The Island, Valguero;150;30;5,4;300;30;10;150;15;10;1000;100;10;270;5,4;4;8;0,4;3,4;100;1;420;25,2;;;
 Gasbags;;;Astraeos, Extinction, Fjordur, Genesis;650;130;5,4;600;60;10;1000;90;9;3500;350;10;3000;60;1,25;5;0,25;1,7;100;1,5;450;27;;;
 Giant Queen Bee;;;Aberration, Astraeos, Crystal Isles, Extinction, Fjordur, Genesis 2, Genesis, Lost Island, Ragnarok, Scorched Earth, The Center, The Island, Valguero;80;16;5,4;200;20;10;150;15;10;450;45;10;150;3;4;8;0,4;1,7;100;1;400;24;;;
 Giganotosaurus;;;Astraeos, Crystal Isles, Extinction, Fjordur, Genesis 2, Lost Island, Ragnarok, The Center, The Island, Valguero;80000;40;0,04;400;0,2;1;150;0,375;2,5;4000;10;2,5;700;7;1;500;25;0,85;100;0,31;10000;600;;;
 Gigantopithecus;;;Astraeos, Crystal Isles, Fjordur, Genesis, Lost Island, Ragnarok, The Center, The Island, Valguero;640;64;5,4;300;30;10;150;15;10;1500;150;10;220;4,4;4;40;1,6;1,7;100;1;1100;66;;;
 Gigantoraptor;;;Astraeos, Extinction, The Center, The Island, Valguero;770;154;5,4;350;35;10;150;15;10;3000;300;10;320;6,4;4;20;10;1,7;100;-;950;57;;;
 Glowbug;;;Crystal Isles, Fjordur, Genesis 2, Genesis;75;15;-;100;10;-;150;15;-;450;45;-;50;1;-;18;0,9;-;100;-;100;6;;;
 Glowtail;;;Aberration, Crystal Isles, Fjordur, Genesis 2, Lost Island, Valguero;115;23;5,4;100;10;12,5;200;24;11,5;450;45;10;70;1,4;4;12;0,66;1,87;100;1;60;3,6;;;
 Griffin;;;Crystal Isles, Fjordur, Lost Island, Ragnarok;950;142,5;4,32;225;11,25;6;150;15;10;1600;160;10;280;5,6;4;27;1,35;1,7;100;-;1500;90;;;
Sköll ;Boss;Hati and Sköll;Fjordur;125000;25000;-;1320;0;-;300;0;-;5000;0;-;600;0;-;100;5;-;100;-;2500;150;;;
 Hati ;Boss;Hati and Sköll;Fjordur;250000;50000;-;1320;0;-;300;0;-;5000;0;-;600;0;-;100;5;-;100;-;2500;150;;;
 Helicoprion;;;Valguero;1300;260;6.075;500;25;10;150;-;-;2000;200;10;500;10;5,5;50;2,5;1,7;100;-;800;48;;;
 Hesperornis;;;Astraeos, Crystal Isles, Extinction, Fjordur, Genesis 2, Genesis, Lost Island, Ragnarok, The Center, The Island, Valguero;95;19;5,4;200;20;10;-;-;-;900;90;10;70;1,4;4;1;0,05;1,7;100;1;300;18;;;
 Hyaenodon;;;Astraeos, Extinction, Ragnarok, Scorched Earth, The Center, The Island, Valguero;175;35;5,4;260;26;10;150;15;10;1200;120;10;170;3,4;4;15;0,75;1,7;100;2,5;450;27;;;
 Ice Titan ;Boss;Ice Titan;Extinction;350000;0;-;10000;0;-;150;0;-;864;0;-;50000;0;-;2500;0;-;100;-;1218800;73128;;;
 Ichthyornis;;;Astraeos, Crystal Isles, Extinction, Fjordur, Genesis 2, Genesis, Lost Island, Ragnarok, The Center, The Island, Valguero;50;10;5,4;150;15;10;150;15;10;1000;100;10;55;1,1;4;1;0,05;1,7;100;1;120;7,2;;;
 Ichthyosaurus;;;Astraeos, Crystal Isles, Fjordur, Genesis 2, Lost Island, Ragnarok, The Center, The Island, Valguero;275;13,75;1,35;300;60;20;150;15;-;1000;100;10;250;5;4;15;0,75;0,85;100;1,5;300;18;;;
 Iguanodon;;;Astraeos, Crystal Isles, Extinction, Fjordur, Genesis 2, Genesis, Lost Island, Ragnarok, Scorched Earth, The Center, The Island, Valguero;250;50;5,4;200;20;10;150;15;10;1800;180;10;375;7,5;4;25;1,25;1,7;100;2;210;12,6;;;
 Jerboa;;;Crystal Isles, Genesis 2, Lost Island, Ragnarok, Scorched Earth, Valguero;55;11;5,4;100;10;10;150;15;10;450;45;10;120;2,4;4;3;0,15;1,7;100;1;30;1,8;;;
 Kairuku;;;Astraeos, Crystal Isles, Extinction, Fjordur, Genesis, Lost Island, Ragnarok, The Center, The Island, Valguero;95;19;5,4;200;20;10;-;-;-;900;90;10;70;1,4;4;8;0,4;1,7;100;1;300;18;;;
 Kaprosuchus;;;Astraeos, Crystal Isles, Extinction, Fjordur, Genesis 2, Genesis, Lost Island, Ragnarok, Scorched Earth, The Center, The Island, Valguero;200;40;5,4;350;35;10;-;-;-;1200;120;10;140;2,8;4;25;1,25;1,7;100;1;200;12;;;
 Karkinos;;;Aberration, Astraeos, Crystal Isles, Fjordur, Genesis 2, Genesis, Ragnarok, Valguero;1200;240;5,4;600;60;10;-;-;-;5000;500;10;800;16;4;32;1,6;1,7;100;1;800;48;;;
 Kentrosaurus;;;Astraeos, Crystal Isles, Extinction, Fjordur, Genesis 2, Genesis, Lost Island, Ragnarok, Scorched Earth, The Center, The Island, Valguero;650;130;5,4;300;30;10;150;15;10;6000;600;10;500;10;4;10;0,5;1,7;100;1;500;30;;;
 King Titan ;Beta;King Titan Beta;Extinction;1500000;0;-;100000;10000;-;150;15;-;100;10;-;100;2;-;0;0;-;100;-;100;6;;;
 King Titan ;Alpha;King Titan Alpha;Extinction;1500000;0;-;100000;10000;-;150;15;-;100;10;-;100;2;-;0;0;-;100;-;100;6;;;
 King Titan ;Gamma;King Titan Gamma;Extinction;1500000;0;-;1000000;100000;-;150;15;-;100;10;-;100;2;-;0;0;-;100;-;100;6;;;
 Leedsichthys;;;Crystal Isles, Fjordur, Genesis 2, Genesis, Lost Island, The Center, The Island, Valguero;4400;528;-;500;50;-;-;-;-;8000;800;-;1800;36;-;115;0;-;100;-;4500;270;;;
 Liopleurodon;;;Astraeos, Crystal Isles, Fjordur, Genesis 2, Lost Island, Ragnarok, The Center, The Island, Valguero;3200;640;5,4;800;80;10;-;-;-;2000;200;10;1000;20;4;40;2;1,7;100;1;800;48;;;
 Lymantria;;;Crystal Isles, Extinction, Genesis 2, Lost Island, Scorched Earth;260;52;5,4;150;7,5;6;150;15;10;2000;200;10;175;3,5;3;18;0,9;1,7;100;-;550;33;;;
 Lystrosaurus;;;Astraeos, Crystal Isles, Extinction, Fjordur, Genesis 2, Genesis, Lost Island, Ragnarok, Scorched Earth, The Center, The Island, Valguero;90;18;5,4;100;10;10;215;21,5;10;500;50;10;90;1,8;4;6;0,3;1,7;100;1;100;6;;;
 Maeguana;;;Astraeos;700;59,5;4.027;450;22,5;5;150;-;-;2000;200;10;400;8;4;20;1;1,7;100;1;100;6;;;
 Maewing;;;Fjordur, Genesis 2, Lost Island;700;59,5;4,05;450;22,5;5;150;15;10;2000;200;10;400;8;4;20;1;1,7;100;1;100;6;;;
 Magmasaur;;;Fjordur, Genesis, Lost Island;3000;150;2,7;500;25;5;200;20;10;2000;200;10;550;11;4;120;3,6;0,51;100;0,5;725;43,5;;;
 Mammoth;;;Astraeos, Crystal Isles, Extinction, Fjordur, Genesis 2, Genesis, Lost Island, Ragnarok, The Center, The Island, Valguero;1020;204;5,4;330;33;10;150;15;10;5000;500;10;500;10;4;48;2,4;1,7;100;1,5;550;33;;;
 Managarmr;;;Astraeos, Extinction, Genesis 2, Lost Island;825;165;5,4;300;30;6;150;15;10;2000;200;10;300;6;4;35;1,75;1,7;150;0,35;800;48;;;
 Manta;;;Astraeos, Crystal Isles, Fjordur, Genesis 2, Genesis, Lost Island, Ragnarok, The Center, The Island, Valguero;320;16;1,35;270;54;20;-;-;-;1000;100;10;200;4;4;28;1,4;0,85;100;1,25;700;42;;;
 Manticore ;Gamma;Scorched Earth Gamma;Scorched Earth;100000;20000;-;400;40;-;2000;200;-;2600;260;-;3000;60;-;85;4,25;-;100;-;350;21;;;
 Manticore ;Beta;Scorched Earth Beta;Scorched Earth;130000;32500;-;400;40;-;2000;200;-;2600;260;-;3000;60;-;110;7,7;-;100;-;350;21;;;
 Manticore ;Alpha;Scorched Earth Alpha;Scorched Earth;160000;48000;-;400;40;-;2000;200;-;2600;260;-;3000;60;-;120;12;-;100;-;350;21;;;
 Mantis;;;Astraeos, Crystal Isles, Extinction, Fjordur, Genesis 2, Lost Island, Scorched Earth, Valguero;275;55;2,7;150;15;10;150;15;10;900;90;10;220;4,4;8;34;0,85;1,7;100;1;350;21;;;
 Megachelon;;;Fjordur, Genesis, Lost Island;1920;384;4,59;100;10;10;150;15;10;8800;880;10;2500;50;4;125;6,25;1,7;100;1;10000;600;;;
 Megalania;;;Astraeos, Crystal Isles, Extinction, Fjordur, Genesis, Lost Island, Ragnarok, Scorched Earth, The Center, The Island, Valguero;480;96;5,4;400;40;10;200;20;10;1500;150;10;400;8;4;10;0,5;1,7;100;1;700;42;;;
 Megaloceros;;;Astraeos, Crystal Isles, Extinction, Fjordur, Genesis 2, Genesis, Lost Island, Ragnarok, The Center, The Island, Valguero;300;60;5,4;280;28;10;150;15;10;1200;120;10;220;4,4;4;30;1,5;1,7;100;1;175;10,5;;;
 Megalodon;;;Astraeos, Crystal Isles, Fjordur, Genesis 2, Lost Island, Ragnarok, The Center, The Island, Valguero;600;120;5,4;320;32;10;150;15;-;2000;200;10;250;5;4;40;2;1,7;100;1;800;48;;;
 Megalosaurus;;;Astraeos, Crystal Isles, Extinction, Fjordur, Lost Island, Ragnarok, Scorched Earth, The Center, The Island;1025;205;5,4;300;30;10;150;15;10;2000;200;10;300;6;4;75;3,75;1,7;100;1;775;46,5;;;
 Megapithecus ;Gamma;Megapithecus Gamma;The Island;180000;0;-;650;0;-;-;-;-;2600;0;-;4000;80;-;400;0;-;100;-;350;21;;;
 Megapithecus ;Gamma;The Center Gamma;The Center;352000;0;-;650;0;-;-;-;-;2600;0;-;4000;80;-;400;0;-;100;-;350;21;;;
 Megapithecus ;Beta;Megapithecus Beta;The Island;396000;0;-;650;0;-;-;-;-;2600;0;-;4000;80;-;800;0;-;100;-;350;21;;;
 Megapithecus ;Beta;The Center Beta;The Center;400000;0;-;650;0;-;-;-;-;2600;0;-;4000;80;-;800;0;-;100;-;350;21;;;
 Megapithecus ;Alpha;The Center Alpha;The Center;464000;0;-;650;0;-;-;-;-;2600;0;-;4000;80;-;1200;0;-;100;-;350;21;;;
 Megapithecus ;Alpha;Megapithecus Alpha;The Island;540000;0;-;650;0;-;-;-;-;2600;0;-;4000;80;-;1200;0;-;100;-;350;21;;;
 Megatherium;;;Astraeos, Crystal Isles, Extinction, Fjordur, Genesis 2, Genesis, Lost Island, Ragnarok, Scorched Earth, The Center, The Island, Valguero;740;148;5,4;400;40;10;270;27;10;3000;300;10;725;14,5;4,5;32;1,6;1,7;100;1;1000;60;;;
 Mesopithecus;;;Astraeos, Crystal Isles, Extinction, Fjordur, Genesis 2, Genesis, Lost Island, Ragnarok, The Center, The Island, Valguero;115;23;5,4;100;10;10;150;15;10;450;45;10;70;1,4;4;12;0,6;1,7;100;1;60;3,6;;;
 Microraptor;;;Astraeos, Crystal Isles, Extinction, Fjordur, Genesis 2, Genesis, Lost Island, Ragnarok, Scorched Earth, The Center, The Island, Valguero;130;26;5,4;100;10;10;150;15;10;450;45;10;45;0,9;4;8;0,4;1,7;100;1;75;4,5;;;
 Moeder, Master of the Ocean ;Gamma;Genesis1 Gamma;Genesis Part 1;490000;98000;-;600;60;-;-;-;-;12000;1200;-;2000;40;-;180;9;-;100;-;5000;300;;;
 Moeder, Master of the Ocean ;Beta;Genesis1 Beta;Genesis Part 1;686000;137200;-;600;60;-;-;-;-;12000;1200;-;2000;40;-;360;18;-;100;-;5000;300;;;
 Moeder, Master of the Ocean ;Alpha;Genesis1 Alpha;Genesis Part 1;960400;192080;-;600;60;-;-;-;-;12000;1200;-;2000;40;-;520;26;-;100;-;5000;300;;;
 Morellatops;;;Astraeos, Crystal Isles, Extinction, Lost Island, Ragnarok, Scorched Earth;400;80;5,4;220;22;10;150;15;10;6000;600;10;440;8,8;4;32;1,6;1,7;100;1;315;18,9;;;
 Mosasaurus;;;Astraeos, Crystal Isles, Fjordur, Genesis 2, Lost Island, Ragnarok, The Center, The Island, Valguero;3600;432;4,2;400;40;10;150;15;10;8000;800;10;1300;26;4;100;5;1,7;100;0,5;3000;180;;;
 Moschops;;;Astraeos, Crystal Isles, Extinction, Fjordur, Genesis 2, Genesis, Lost Island, Ragnarok, Scorched Earth, The Center, The Island, Valguero;375;75;5,4;300;30;10;150;15;10;300;30;10;200;4;4;32;1,6;1,7;100;1;300;18;;;
 Nameless;;;Aberration, Valguero;220;44;-;150;15;-;150;15;-;1500;150;-;180;3,6;-;10;0,5;-;100;-;220;13,2;;;
 Noglin;;;Genesis 2;50;10;6,4;100;10;10;150;15;10;450;45;10;80;1,6;4;4;0,2;1,7;100;1;25;1,5;;;
 Oasisaur;;;Scorched Earth;20000;4000;3,4;100;10;10;150;15;10;8800;880;10;2500;50;4;?;-;-;-;1;10000;600;;;
 Onyc;;;Astraeos, Crystal Isles, Extinction, Fjordur, Genesis, Lost Island, Ragnarok, Scorched Earth, The Center, The Island, Valguero;250;50;5,4;100;10;10;150;15;10;1500;150;10;50;1;4;35;1,75;1,7;100;1;200;12;;;
 Otter;;;Astraeos, Crystal Isles, Extinction, Fjordur, Genesis 2, Lost Island, Ragnarok, The Center, The Island, Valguero;40;8;5,4;180;18;10;600;60;10;400;40;10;30;0,6;4;10;0,4;1,7;100;1;350;21;;;
 Overseer ;Gamma;Overseer Gamma;The Island;63360;12672;-;10000;1000;-;-;-;-;2600;260;-;4000;80;-;0;0;-;100;-;350;21;;;
 Overseer ;Beta;Overseer Beta;The Island;132480;26496;-;10000;1000;-;-;-;-;2600;260;-;4000;80;-;0;0;-;100;-;350;21;;;
 Overseer ;Alpha;Overseer Alpha;The Island;207360;41472;-;10000;1000;-;-;-;-;2600;260;-;4000;80;-;0;0;-;100;-;350;21;;;
 Oviraptor;;;Astraeos, Crystal Isles, Extinction, Fjordur, Genesis 2, Genesis, Lost Island, Ragnarok, The Center, The Island, Valguero;140;28;5,4;120;12;10;150;15;10;900;90;10;100;2;4;12;0,6;1,7;100;1;125;7,5;;;
 Ovis;;;Astraeos, Crystal Isles, Extinction, Fjordur, Genesis 2, Genesis, Lost Island, Ragnarok, Scorched Earth, The Center, The Island, Valguero;100;20;5,4;100;10;10;150;15;10;1200;120;10;90;1,8;4;5;0,25;1,7;100;1;85;5,1;;;
 Pachy;;;Astraeos, Crystal Isles, Extinction, Fjordur, Genesis 2, Lost Island, Ragnarok, The Center, The Island, Valguero;175;35;5,4;150;15;10;150;15;10;1200;120;10;150;3;4;10;0,5;1,7;100;3;160;9,6;;;
 Pachyrhinosaurus;;;Astraeos, Crystal Isles, Extinction, Fjordur, Genesis 2, Genesis, Lost Island, Ragnarok, The Center, The Island, Valguero;375;75;5,4;150;15;10;150;15;10;3000;300;10;365;7,3;4;28;1,4;1,7;100;1;250;15;;;
 Paraceratherium;;;Astraeos, Crystal Isles, Extinction, Fjordur, Genesis 2, Lost Island, Ragnarok, Scorched Earth, The Center, The Island, Valguero;1026;205,2;34.425;300;30;10;150;15;10;6500;650;10;850;17;4;45;2,25;1,7;100;1;1300;78;;;
 Parasaur;;;Astraeos, Crystal Isles, Extinction, Fjordur, Genesis 2, Genesis, Lost Island, Ragnarok, Scorched Earth, The Center, The Island, Valguero;200;40;5,4;450;45;10;150;15;10;1500;150;10;480;9,6;4;12;0,6;1,7;100;1;150;9;;;
 Pegomastax;;;Astraeos, Crystal Isles, Extinction, Fjordur, Genesis 2, Genesis, Lost Island, Ragnarok, Scorched Earth, The Center, The Island, Valguero;120;24;5,4;100;10;10;150;15;10;450;45;10;55;1,1;4;10;0,5;1,7;100;1;30;1,8;;;
 Pelagornis;;;Astraeos, Crystal Isles, Fjordur, Genesis, Lost Island, Ragnarok, The Center, The Island, Valguero;240;48;5,4;180;9;4;150;15;10;1200;120;10;150;3;3;16;0,8;1.275;100;-;120;7,2;;;
 Phiomia;;;Astraeos, Crystal Isles, Extinction, Fjordur, Genesis 2, Genesis, Lost Island, Ragnarok, The Center, The Island, Valguero;300;60;5,4;300;30;10;150;15;10;3000;300;10;200;4;4;10;0,5;1,7;100;1;240;14,4;;;
 Phoenix;;;Scorched Earth;640;128;5,4;352;35,2;10;150;15;10;1500;150;10;324;6,48;4;14;0,7;1,7;100;-;200;12;;;
 Plesiosaur;;;Crystal Isles, Fjordur, Genesis 2, Genesis, Lost Island, Ragnarok, The Center, The Island;2400;288;3,24;800;80;10;150;15;-;5000;500;10;800;16;4;75;3,75;1,7;100;0,5;1600;96;;;
 Procoptodon;;;Astraeos, Crystal Isles, Extinction, Fjordur, Genesis 2, Genesis, Lost Island, Ragnarok, Scorched Earth, The Center, The Island, Valguero;400;80;5,4;350;35;10;150;15;10;1500;150;10;550;11;4;20;1;1,7;100;1;350;21;;;
 Pteranodon;;;Astraeos, Crystal Isles, Extinction, Fjordur, Genesis 2, Genesis, Lost Island, Ragnarok, The Center, The Island, Valguero;210;42;3;150;7,5;4;150;15;10;1200;120;10;120;2,4;3;18;0,9;1.275;100;-;120;7,2;;;
 Pulmonoscorpius;;;Astraeos, Crystal Isles, Extinction, Fjordur, Genesis 2, Genesis, Lost Island, Ragnarok, Scorched Earth, The Center, The Island, Valguero;280;56;5,4;200;20;10;150;15;10;1500;150;10;200;4;4;15;0,75;1,7;100;1;150;9;;;
 Purlovia;;;Astraeos, Crystal Isles, Extinction, Fjordur, Genesis 2, Genesis, Lost Island, Ragnarok, Scorched Earth, The Center, The Island, Valguero;275;55;5,4;300;30;10;150;15;10;4000;400;10;400;8;4;32;1,6;1,7;100;1;500;30;;;
 Pyromane;;;Aberration, Astraeos, Scorched Earth, The Center, Valguero;600;120;5,4;350;35;10;150;15;10;1000;100;10;300;6;4;35;1,75;1,7;100;1;500;30;;;
 Quetzal;;;Astraeos, Crystal Isles, Extinction, Fjordur, Genesis 2, Lost Island, Ragnarok, The Center, The Island, Valguero;1200;240;2,16;800;40;5;150;15;10;1200;120;10;800;16;5;32;1,28;1,7;100;-;1850;111;;;
 Raptor;;;Astraeos, Crystal Isles, Extinction, Fjordur, Genesis 2, Lost Island, Ragnarok, Scorched Earth, The Center, The Island, Valguero;200;40;5,4;150;15;10;150;15;10;1200;120;10;140;2,8;4;15;0,75;1,7;100;1,5;180;10,8;;;
 Ravager;;;Aberration, Astraeos, Crystal Isles, Fjordur, Genesis 2, Genesis, Lost Island, Valguero;400;80;5,4;350;35;10;150;15;10;1200;120;10;500;10;4;25;1;1,36;100;1;500;30;;;
 Reaper;;;Aberration, Valguero;45000;234;-;480;48;-;150;15;-;3000;300;-;415;8,3;-;75;3,75;-;100;-;925;55,5;;;
 Rex;;;Astraeos, Crystal Isles, Extinction, Fjordur, Genesis 2, Lost Island, Ragnarok, Scorched Earth, The Center, The Island, Valguero;1100;220;5,4;420;42;10;150;15;10;3000;300;10;500;10;4;62;3,1;1,7;100;1;1550;93;;;
 Rhyniognatha;;;Astraeos, Lost Island, The Island, Valguero;900;153;3,51;350;17,5;6;800;80;10;1840;184;10;1100;22;4;55;2,75;1,7;100;-;800;48;;;
 Rock Drake;;;Aberration, Fjordur, Valguero;1950;165,75;4,05;450;22,5;5;150;15;10;2000;200;10;400;8;4;60;3;1,7;100;-;725;43,5;;;
 Rock Elemental;;;Astraeos, Crystal Isles, Extinction, Genesis 2, Genesis, Lost Island, Ragnarok, Scorched Earth;25000;312,5;2,7;300;30;10;150;15;-;6000;600;10;660;13,2;4;120;6;1,7;100;1;5000;300;;;
 Rockwell ;Gamma;Abberation Gamma;Abberation;42000;8400;-;400;40;-;2000;200;-;2600;260;-;3000;60;-;0;0;-;100;-;350;21;;;
 Rockwell ;Beta;Abberation Beta;Abberation;68500;13700;-;400;40;-;2000;200;-;2600;260;-;3000;60;-;0;0;-;100;-;350;21;;;
 Rockwell ;Alpha;Abberation Alpha;Abberation;115000;23000;-;400;40;-;2000;200;-;2600;260;-;3000;60;-;0;0;-;100;-;350;21;;;
 Roll Rat;;;Aberration, Astraeos, Fjordur, Genesis 2, Genesis, Valguero;850;170;5,4;300;30;10;150;15;10;3000;300;10;400;8;4;42;2,1;1,7;100;2;800;48;;;
 Sabertooth;;;Astraeos, Crystal Isles, Extinction, Fjordur, Genesis 2, Lost Island, Ragnarok, Scorched Earth, The Center, The Island, Valguero;250;50;5,4;200;20;10;150;15;10;1200;120;10;200;4;4;29;1,45;1,7;100;1;500;30;;;
 Sarco;;;Astraeos, Crystal Isles, Extinction, Fjordur, Genesis 2, Genesis, Lost Island, Ragnarok, The Center, The Island, Valguero;400;80;5,4;450;45;10;-;-;-;1500;150;10;300;6;4;35;1,75;1,7;100;1;400;24;;;
 Shadowmane;;;Fjordur, Genesis 2;825;165;5,4;450;45;10;150;15;-;1500;150;10;425;8,5;4;35;1,75;1,7;100;1;700;42;;;
 Shastasaurus;;;Astraeos, The Center;4500;540;4,2;300;30;10;-;-;-;8000;800;10;3000;60;4;70;3,5;1,7;100;1;3000;180;;;
 Shinehorn;;;Aberration, Fjordur, Genesis 2, Genesis, Ragnarok, Valguero;115;23;5,4;180;19,8;11;180;19,8;11;450;45;10;100;2;4;12;0,66;1.955;100;1;60;3,6;;;
 Sinomacrops;;;Lost Island;110;22;5,4;150;15;10;150;15;10;900;90;10;80;1,6;4;10;0,5;1,7;100;-;100;6;;;
 Snow Owl;;;Astraeos, Extinction, Fjordur, Lost Island;325;65;5,4;350;35;10;150;15;10;2000;200;10;375;7,5;4;25;1,25;1,7;100;-;600;36;;;
 Spino;;;Astraeos, Crystal Isles, Extinction, Fjordur, Genesis 2, Lost Island, Ragnarok, The Center, The Island, Valguero;805;161;5,4;350;35;10;650;65;10;2600;260;10;350;7;4;40;2;1,7;100;1;850;51;;;
 Stegosaurus;;;Astraeos, Crystal Isles, Extinction, Fjordur, Genesis 2, Genesis, Lost Island, Ragnarok, The Center, The Island, Valguero;650;130;5,4;300;30;10;150;15;10;6000;600;10;500;10;4;42;2,1;1,7;100;2;500;30;;;
 Steinbjörn ;Boss;Steinbjörn;Fjordur;300000;60000;-;750;0;-;300;0;-;6000;0;-;800;0;-;375;18,75;-;100;-;3000;180;;;
 Tapejara;;;Astraeos, Crystal Isles, Extinction, Fjordur, Genesis 2, Lost Island, Ragnarok, Scorched Earth, The Center, The Island, Valguero;325;55,25;5,4;250;12,5;6;150;15;10;1600;160;10;280;5,6;4;18;0,9;1,7;100;1;450;27;;;
 Tek Stryder;;;Genesis 2;4000;800;5,4;600;60;10;150;15;10;?;-;-;1250;25;4;68;3,4;1,7;100;1;2000;120;;;
 Terror Bird;;;Astraeos, Crystal Isles, Extinction, Fjordur, Genesis 2, Genesis, Lost Island, Ragnarok, Scorched Earth, The Center, The Island, Valguero;270;54;5,4;160;16;10;150;15;10;1500;150;10;120;2,4;4;18;0,9;1,7;100;1;300;18;;;
 Therizinosaur;;;Astraeos, Crystal Isles, Extinction, Fjordur, Genesis 2, Genesis, Lost Island, Ragnarok, The Center, The Island, Valguero;870;174;5,4;300;30;10;150;15;10;3000;300;10;365;7,3;4;52;2,6;1,7;100;1;925;55,5;;;
 Thorny Dragon;;;Astraeos, Crystal Isles, Extinction, Fjordur, Genesis 2, Genesis, Lost Island, Scorched Earth;260;52;5,4;350;35;10;150;15;10;1200;120;10;300;6;4;40;2;1,7;100;1;450;27;;;
 Thylacoleo;;;Astraeos, Crystal Isles, Extinction, Fjordur, Genesis, Lost Island, Ragnarok, Scorched Earth, The Center, The Island, Valguero;700;140;3,78;400;40;10;200;20;10;1500;150;10;400;8;4;40;2;1,7;100;1;700;42;;;
 Titanoboa;;;Astraeos, Crystal Isles, Extinction, Fjordur, Genesis 2, Genesis, Lost Island, Ragnarok, Scorched Earth, The Center, The Island, Valguero;170;34;5,4;150;15;10;-;-;-;1200;120;10;150;3;4;30;1,5;1,7;100;1;175;10,5;;;
 Titanosaur;;;Crystal Isles, Fjordur, Ragnarok, Scorched Earth, The Center, The Island;230000;0;-;2000;0;-;600;0;-;8640;0;-;50000;0;-;1000;0;-;100;-;25000;1500;;;
 Triceratops;;;Astraeos, Crystal Isles, Extinction, Fjordur, Genesis 2, Lost Island, Ragnarok, The Center, The Island, Valguero;375;75;5,4;150;15;10;150;15;10;3000;300;10;365;7,3;4;32;1,6;1,7;100;1,5;250;15;;;
 Trilobite;;;Astraeos, Crystal Isles, Extinction, Fjordur, Genesis 2, Genesis, Lost Island, Ragnarok, The Center, The Island, Valguero;160;32;-;100;10;-;-;-;-;450;45;-;150;3;-;0;0;-;100;-;50;3;;;
 Troodon;;;Astraeos, Crystal Isles, Extinction, Fjordur, Genesis 2, Lost Island, Ragnarok, Scorched Earth, The Center, The Island, Valguero;200;40;5,4;150;15;10;150;15;10;200;20;10;140;2,8;4;7;0,35;1,7;100;1;180;10,8;;;
 Tropeognathus;;;Crystal Isles, Fjordur;360;72;4,86;250;12,5;5;150;15;10;1600;160;10;340;6,8;4;18;0,9;1,7;100;-;450;27;;;
 Tusoteuthis;;;Astraeos, Crystal Isles, Fjordur, Genesis 2, Genesis, Lost Island, Ragnarok, The Center, The Island, Valguero;2700;540;4,05;300;30;10;215;21,5;-;3200;320;10;800;16;4;65;3,25;1,7;100;1;1800;108;;;
 Veilwyn;;;Ragnarok;200;40;5,4;260;26;10;150;15;10;1200;120;10;200;4;4;11;0,55;1,7;100;2,5;450;27;;;
 Velonasaur;;;Astraeos, Extinction, Fjordur;440;88;5,4;325;32,5;10;225;22,5;10;2250;225;10;325;6,5;4;32;1,6;1,7;100;1;400;24;;;
 Voidwyrm;;;Genesis 2;1295;194,25;4,05;315;15,75;5;150;15;10;1800;180;10;400;8;4;80;4;1,7;100;1;725;43,5;;;
 Vulture;;;Astraeos, Crystal Isles, Fjordur, Genesis 2, Lost Island, Ragnarok, Scorched Earth;125;25;5,4;150;15;10;150;15;10;900;90;10;50;1;4;23;1,15;1,7;100;1;100;6;;;
 Woolly Rhino;;;Astraeos, Crystal Isles, Extinction, Fjordur, Genesis 2, Lost Island, Ragnarok, The Center, The Island, Valguero;500;100;5,4;120;12;10;100;10;10;3000;300;10;750;15;4;40;2;1,7;100;1;600;36;;;
 Wyvern;Fire;;Astraeos, Fjordur, Lost Island, Scorched Earth, Valguero;1295;194,25;3,24;315;15,75;5;150;15;10;1800;180;10;400;8;4;80;4;1,7;100;-;725;43,5;;;
 Wyvern;Lightning;;Astraeos, Fjordur, Lost Island, Scorched Earth, Valguero;1295;194,25;3,24;315;15,75;5;150;15;10;1800;180;10;400;8;4;80;4;1,7;100;-;725;43,5;;;
 Wyvern;Poison;;Astraeos, Fjordur, Lost Island, Scorched Earth, Valguero;1295;194,25;3,24;315;15,75;5;150;15;10;1800;180;10;400;8;4;80;4;1,7;100;-;725;43,5;;;
 Yi Ling;;;Aberration;325;65;5,4;300;30;10;150;15;10;1200;120;10;140;2,8;4;23;1,15;1,7;100;1;180;10,8;;;
 Yutyrannus;;;Astraeos, Crystal Isles, Extinction, Fjordur, Genesis 2, Lost Island, Ragnarok, Scorched Earth, The Center, The Island, Valguero;1100;220;5,4;420;42;10;150;15;10;3000;300;10;500;10;4;55;2,75;1,7;100;1;1550;93;;;
